{"_step":4,"avg_reward":-6.434999465942383,"avg_length":4.4,"_wandb":{"runtime":15},"_timestamp":1.7431551666789653e+09,"_runtime":13.992738175}