{"_wandb":{"runtime":41},"avg_reward":-5.714001655578613,"avg_length":4.85,"_timestamp":1.7431550684627948e+09,"_runtime":39.655276504,"_step":10}